{"CNT": [{"popularity": "1.0", "def": "Certified Nurse Technician"}], "ALM": [{"popularity": "1.0", "def": "Application Lifecycle Management"}], "CM": [{"popularity": "0.9999999999999999", "def": "Case Manager"}], "POS": [{"popularity": "1.0", "def": "Point of Sale"}], "CVS": [{"popularity": "1.0", "def": "Concurrent Versioning Systems"}], "EVIR": [{"popularity": "1.0", "def": "Electronic Vehicle Inspection Reports"}], "RN": [{"popularity": "1.0", "def": "registered nurses"}], "SSF": [{"popularity": "1.0", "def": "Shared Services Framework"}], "CMS": [{"popularity": "1.0", "def": "Content Management Systems"}]}